<?xml version="1.0" encoding="UTF-8" ?>
<!-- This is a WordPress eXtended RSS file generated by WordPress as an export of your site. -->
<!-- It contains information about your site's posts, pages, comments, categories, and other content. -->
<!-- You may use this file to transfer that content from one site to another. -->
<!-- This file is not intended to serve as a complete backup of your site. -->

<!-- To import this information into a WordPress site follow these steps: -->
<!-- 1. Log in to that site as an administrator. -->
<!-- 2. Go to Tools: Import in the WordPress admin panel. -->
<!-- 3. Install the "WordPress" importer from the list. -->
<!-- 4. Activate & Run Importer. -->
<!-- 5. Upload this file using the form provided on that page. -->
<!-- 6. You will first be asked to map the authors in this export file to users -->
<!--    on the site. For each author, you may choose to map to an -->
<!--    existing user on the site or to create a new user. -->
<!-- 7. WordPress will then import each of the posts, pages, comments, categories, etc. -->
<!--    contained in this file into your site. -->

	<!-- generator="WordPress/5.1.1" created="2019-03-21 04:49" -->
<rss version="2.0"
	xmlns:excerpt="http://wordpress.org/export/1.2/excerpt/"
	xmlns:content="http://purl.org/rss/1.0/modules/content/"
	xmlns:wfw="http://wellformedweb.org/CommentAPI/"
	xmlns:dc="http://purl.org/dc/elements/1.1/"
	xmlns:wp="http://wordpress.org/export/1.2/"
>

<channel>
	<title>Single Hotel</title>
	<link>https://shinetheme.com/travelerdata/singlehotel</link>
	<description></description>
	<pubDate>Thu, 21 Mar 2019 04:49:40 +0000</pubDate>
	<language>en-US</language>
	<wp:wxr_version>1.2</wp:wxr_version>
	<wp:base_site_url>https://shinetheme.com/travelerdata/singlehotel</wp:base_site_url>
	<wp:base_blog_url>https://shinetheme.com/travelerdata/singlehotel</wp:base_blog_url>

		<wp:author><wp:author_id>1</wp:author_id><wp:author_login><![CDATA[phpleaderpro]]></wp:author_login><wp:author_email><![CDATA[phpleaderpro@gmail.com]]></wp:author_email><wp:author_display_name><![CDATA[phpleaderpro]]></wp:author_display_name><wp:author_first_name><![CDATA[Jream]]></wp:author_first_name><wp:author_last_name><![CDATA[OQ]]></wp:author_last_name></wp:author>

				
	<generator>https://wordpress.org/?v=5.1.1</generator>

		<item>
		<title>
				Hotel Stanford		</title>
		<link>https://shinetheme.com/travelerdata/singlehotel/st_hotel/hotel-stanford/</link>
		<pubDate>Fri, 26 Dec 2014 08:03:52 +0000</pubDate>
		<dc:creator><![CDATA[phpleaderpro]]></dc:creator>
		<guid isPermaLink="false">http://traveler.shinethemedev.com/wordpress/?post_type=hotel&#038;p=991</guid>
		<description></description>
		<content:encoded>
				<![CDATA[Built in 1986, Hotel Stanford is a distinct addition to New York (NY) and a smart choice for travelers. The excitement of the city center is only 0 KM away. No less exceptional is the hotel's easy access to the city's myriad attractions and landmarks, such as Toto Music Studio, British Virgin Islands Tourist Board, L'Atelier Du Chocolat.

Offering hotel guests superior services and a broad range of amenities, Hotel Stanford is committed to ensuring that your stay is as comfortable as possible. For the comfort and convenience of guests, the hotel offers free Wi-Fi in all rooms, 24-hour front desk, facilities for disabled guests, express check-in/check-out, luggage storage.

The ambiance of Hotel Stanford is reflected in every guestroom. television LCD/plasma screen, carpeting, complimentary tea, linens, mirror are just some of the facilities that can be found throughout the property. Besides, the hotel's host of recreational offerings ensures you have plenty to do during your stay. Hotel Stanford is an ideal place of stay for travelers seeking charm, comfort and convenience in New York (NY).]]>		</content:encoded>
		<excerpt:encoded>
				<![CDATA[This boutique hotel in the Manhattan neighborhood of Nolita features a private rooftop and rooms with free WiFi. The Bowery subway station is 1 block from this New York hotel.

]]>		</excerpt:encoded>
		<wp:post_id>991</wp:post_id>
		<wp:post_date><![CDATA[2014-12-26 08:03:52]]></wp:post_date>
		<wp:post_date_gmt><![CDATA[2014-12-26 08:03:52]]></wp:post_date_gmt>
		<wp:comment_status><![CDATA[open]]></wp:comment_status>
		<wp:ping_status><![CDATA[open]]></wp:ping_status>
		<wp:post_name><![CDATA[hotel-stanford]]></wp:post_name>
		<wp:status><![CDATA[publish]]></wp:status>
		<wp:post_parent>0</wp:post_parent>
		<wp:menu_order>0</wp:menu_order>
		<wp:post_type><![CDATA[st_hotel]]></wp:post_type>
		<wp:post_password><![CDATA[]]></wp:post_password>
		<wp:is_sticky>0</wp:is_sticky>
														<wp:postmeta>
		<wp:meta_key><![CDATA[hotel_layout_style]]></wp:meta_key>
		<wp:meta_value><![CDATA[1]]></wp:meta_value>
		</wp:postmeta>
							<wp:postmeta>
		<wp:meta_key><![CDATA[min_price]]></wp:meta_key>
		<wp:meta_value><![CDATA[10]]></wp:meta_value>
		</wp:postmeta>
							<wp:postmeta>
		<wp:meta_key><![CDATA[rate_review]]></wp:meta_key>
		<wp:meta_value><![CDATA[0]]></wp:meta_value>
		</wp:postmeta>
							<wp:postmeta>
		<wp:meta_key><![CDATA[price_avg]]></wp:meta_key>
		<wp:meta_value><![CDATA[247.166666666]]></wp:meta_value>
		</wp:postmeta>
							<wp:postmeta>
		<wp:meta_key><![CDATA[rate_review]]></wp:meta_key>
		<wp:meta_value><![CDATA[0]]></wp:meta_value>
		</wp:postmeta>
							<wp:postmeta>
		<wp:meta_key><![CDATA[price_avg]]></wp:meta_key>
		<wp:meta_value><![CDATA[247.166666666]]></wp:meta_value>
		</wp:postmeta>
							<wp:postmeta>
		<wp:meta_key><![CDATA[min_price]]></wp:meta_key>
		<wp:meta_value><![CDATA[10]]></wp:meta_value>
		</wp:postmeta>
							<wp:postmeta>
		<wp:meta_key><![CDATA[min_price]]></wp:meta_key>
		<wp:meta_value><![CDATA[10]]></wp:meta_value>
		</wp:postmeta>
							<wp:postmeta>
		<wp:meta_key><![CDATA[rate_review]]></wp:meta_key>
		<wp:meta_value><![CDATA[0]]></wp:meta_value>
		</wp:postmeta>
							<wp:postmeta>
		<wp:meta_key><![CDATA[price_avg]]></wp:meta_key>
		<wp:meta_value><![CDATA[247.166666666]]></wp:meta_value>
		</wp:postmeta>
							<wp:postmeta>
		<wp:meta_key><![CDATA[rate_review]]></wp:meta_key>
		<wp:meta_value><![CDATA[0]]></wp:meta_value>
		</wp:postmeta>
							<wp:postmeta>
		<wp:meta_key><![CDATA[gallery]]></wp:meta_key>
		<wp:meta_value><![CDATA[8874,8875,8876]]></wp:meta_value>
		</wp:postmeta>
							<wp:postmeta>
		<wp:meta_key><![CDATA[logo]]></wp:meta_key>
		<wp:meta_value><![CDATA[https://shinetheme.com/travelerdata/singlehotel/wp-content/uploads/2014/12/placeholder_1200X900.jpg]]></wp:meta_value>
		</wp:postmeta>
							<wp:postmeta>
		<wp:meta_key><![CDATA[address]]></wp:meta_key>
		<wp:meta_value><![CDATA[Boston, MA, USA]]></wp:meta_value>
		</wp:postmeta>
							<wp:postmeta>
		<wp:meta_key><![CDATA[website]]></wp:meta_key>
		<wp:meta_value><![CDATA[http://www.shangri-la.com/fr/paris/shangrila/about/]]></wp:meta_value>
		</wp:postmeta>
							<wp:postmeta>
		<wp:meta_key><![CDATA[phone]]></wp:meta_key>
		<wp:meta_value><![CDATA[ (33 1) 53 67 19 98 ]]></wp:meta_value>
		</wp:postmeta>
							<wp:postmeta>
		<wp:meta_key><![CDATA[fax]]></wp:meta_key>
		<wp:meta_value><![CDATA[(33 1) 53 67 19 19]]></wp:meta_value>
		</wp:postmeta>
							<wp:postmeta>
		<wp:meta_key><![CDATA[map_lat]]></wp:meta_key>
		<wp:meta_value><![CDATA[42.64966866663317]]></wp:meta_value>
		</wp:postmeta>
							<wp:postmeta>
		<wp:meta_key><![CDATA[map_lng]]></wp:meta_key>
		<wp:meta_value><![CDATA[-73.7591805913213]]></wp:meta_value>
		</wp:postmeta>
							<wp:postmeta>
		<wp:meta_key><![CDATA[map_zoom]]></wp:meta_key>
		<wp:meta_value><![CDATA[13]]></wp:meta_value>
		</wp:postmeta>
							<wp:postmeta>
		<wp:meta_key><![CDATA[video]]></wp:meta_key>
		<wp:meta_value><![CDATA[https://www.youtube.com/watch?v=8ad09ERqMK0]]></wp:meta_value>
		</wp:postmeta>
							<wp:postmeta>
		<wp:meta_key><![CDATA[rate_review]]></wp:meta_key>
		<wp:meta_value><![CDATA[0]]></wp:meta_value>
		</wp:postmeta>
							<wp:postmeta>
		<wp:meta_key><![CDATA[post_views_count]]></wp:meta_key>
		<wp:meta_value><![CDATA[]]></wp:meta_value>
		</wp:postmeta>
							<wp:postmeta>
		<wp:meta_key><![CDATA[min_price]]></wp:meta_key>
		<wp:meta_value><![CDATA[10]]></wp:meta_value>
		</wp:postmeta>
							<wp:postmeta>
		<wp:meta_key><![CDATA[id_location]]></wp:meta_key>
		<wp:meta_value><![CDATA[]]></wp:meta_value>
		</wp:postmeta>
							<wp:postmeta>
		<wp:meta_key><![CDATA[total_sale_number]]></wp:meta_key>
		<wp:meta_value><![CDATA[321]]></wp:meta_value>
		</wp:postmeta>
							<wp:postmeta>
		<wp:meta_key><![CDATA[_dp_original]]></wp:meta_key>
		<wp:meta_value><![CDATA[605]]></wp:meta_value>
		</wp:postmeta>
							<wp:postmeta>
		<wp:meta_key><![CDATA[email]]></wp:meta_key>
		<wp:meta_value><![CDATA[slpr@shangri-la.com]]></wp:meta_value>
		</wp:postmeta>
							<wp:postmeta>
		<wp:meta_key><![CDATA[_min_price_room_id]]></wp:meta_key>
		<wp:meta_value><![CDATA[1008]]></wp:meta_value>
		</wp:postmeta>
							<wp:postmeta>
		<wp:meta_key><![CDATA[hotel_star]]></wp:meta_key>
		<wp:meta_value><![CDATA[5]]></wp:meta_value>
		</wp:postmeta>
							<wp:postmeta>
		<wp:meta_key><![CDATA[_alp_processed]]></wp:meta_key>
		<wp:meta_value><![CDATA[1423125712]]></wp:meta_value>
		</wp:postmeta>
							<wp:postmeta>
		<wp:meta_key><![CDATA[is_featured]]></wp:meta_key>
		<wp:meta_value><![CDATA[on]]></wp:meta_value>
		</wp:postmeta>
							<wp:postmeta>
		<wp:meta_key><![CDATA[price_avg]]></wp:meta_key>
		<wp:meta_value><![CDATA[247.166666666]]></wp:meta_value>
		</wp:postmeta>
							<wp:postmeta>
		<wp:meta_key><![CDATA[is_auto_caculate]]></wp:meta_key>
		<wp:meta_value><![CDATA[on]]></wp:meta_value>
		</wp:postmeta>
							<wp:postmeta>
		<wp:meta_key><![CDATA[hotel_booking_period]]></wp:meta_key>
		<wp:meta_value><![CDATA[0]]></wp:meta_value>
		</wp:postmeta>
							<wp:postmeta>
		<wp:meta_key><![CDATA[_wpb_vc_js_status]]></wp:meta_key>
		<wp:meta_value><![CDATA[false]]></wp:meta_value>
		</wp:postmeta>
							<wp:postmeta>
		<wp:meta_key><![CDATA[multi_location]]></wp:meta_key>
		<wp:meta_value><![CDATA[_275_,_282_,_284_,_1944_,_1945_,_1946_,_1947_,_1952_,_1957_,_7965_,_7967_,_7970_]]></wp:meta_value>
		</wp:postmeta>
							<wp:postmeta>
		<wp:meta_key><![CDATA[st_google_map]]></wp:meta_key>
		<wp:meta_value><![CDATA[a:4:{s:3:"lat";s:17:"42.64966866663317";s:3:"lng";s:17:"-73.7591805913213";s:4:"zoom";s:2:"13";s:4:"type";s:7:"roadmap";}]]></wp:meta_value>
		</wp:postmeta>
							<wp:postmeta>
		<wp:meta_key><![CDATA[card_accepted]]></wp:meta_key>
		<wp:meta_value><![CDATA[a:5:{i:0;s:11:"master-card";i:1;s:3:"jcb";i:2;s:9:"union-pay";i:3;s:4:"visa";i:4;s:16:"american-express";}]]></wp:meta_value>
		</wp:postmeta>
							<wp:postmeta>
		<wp:meta_key><![CDATA[allow_full_day]]></wp:meta_key>
		<wp:meta_value><![CDATA[on]]></wp:meta_value>
		</wp:postmeta>
							<wp:postmeta>
		<wp:meta_key><![CDATA[check_in_time]]></wp:meta_key>
		<wp:meta_value><![CDATA[12:00 pm]]></wp:meta_value>
		</wp:postmeta>
							<wp:postmeta>
		<wp:meta_key><![CDATA[check_out_time]]></wp:meta_key>
		<wp:meta_value><![CDATA[12:00 pm]]></wp:meta_value>
		</wp:postmeta>
							<wp:postmeta>
		<wp:meta_key><![CDATA[min_book_room]]></wp:meta_key>
		<wp:meta_value><![CDATA[0]]></wp:meta_value>
		</wp:postmeta>
							<wp:postmeta>
		<wp:meta_key><![CDATA[hotel_policy]]></wp:meta_key>
		<wp:meta_value><![CDATA[]]></wp:meta_value>
		</wp:postmeta>
							<wp:postmeta>
		<wp:meta_key><![CDATA[discount_text]]></wp:meta_key>
		<wp:meta_value><![CDATA[sale]]></wp:meta_value>
		</wp:postmeta>
							<wp:postmeta>
		<wp:meta_key><![CDATA[location_id]]></wp:meta_key>
		<wp:meta_value><![CDATA[]]></wp:meta_value>
		</wp:postmeta>
							<wp:postmeta>
		<wp:meta_key><![CDATA[st_price_now]]></wp:meta_key>
		<wp:meta_value><![CDATA[10]]></wp:meta_value>
		</wp:postmeta>
							<wp:postmeta>
		<wp:meta_key><![CDATA[_thumbnail_id]]></wp:meta_key>
		<wp:meta_value><![CDATA[8874]]></wp:meta_value>
		</wp:postmeta>
							<wp:postmeta>
		<wp:meta_key><![CDATA[enable_street_views_google_map]]></wp:meta_key>
		<wp:meta_value><![CDATA[on]]></wp:meta_value>
		</wp:postmeta>
							<wp:postmeta>
		<wp:meta_key><![CDATA[show_agent_contact_info]]></wp:meta_key>
		<wp:meta_value><![CDATA[]]></wp:meta_value>
		</wp:postmeta>
							<wp:postmeta>
		<wp:meta_key><![CDATA[map_type]]></wp:meta_key>
		<wp:meta_value><![CDATA[roadmap]]></wp:meta_value>
		</wp:postmeta>
							<wp:postmeta>
		<wp:meta_key><![CDATA[_wp_old_slug]]></wp:meta_key>
		<wp:meta_value><![CDATA[shangri-la-hotel-paris]]></wp:meta_value>
		</wp:postmeta>
							<wp:postmeta>
		<wp:meta_key><![CDATA[_edit_last]]></wp:meta_key>
		<wp:meta_value><![CDATA[1]]></wp:meta_value>
		</wp:postmeta>
							</item>
				</channel>
</rss>
	