[{"post_id":"9174","multi_location":"","id_location":"","cars_address":"","cars_price":"","sale_price":"","number_car":"","cars_booking_period":"","is_sale_schedule":"","discount":"","sale_price_from":"0000-00-00","sale_price_to":"0000-00-00","min_price":"0","max_price":"0"},{"post_id":"9175","multi_location":"","id_location":"","cars_address":"","cars_price":"","sale_price":"","number_car":"","cars_booking_period":"","is_sale_schedule":"","discount":"","sale_price_from":"0000-00-00","sale_price_to":"0000-00-00","min_price":"0","max_price":"0"},{"post_id":"9340","multi_location":"","id_location":"","cars_address":"New York, NY, USA","cars_price":"5","sale_price":"5","number_car":"1","cars_booking_period":"","is_sale_schedule":"off","discount":"","sale_price_from":"0000-00-00","sale_price_to":"0000-00-00","min_price":"0","max_price":"0"},{"post_id":"9341","multi_location":"","id_location":"","cars_address":"","cars_price":"","sale_price":"","number_car":"","cars_booking_period":"","is_sale_schedule":"","discount":"","sale_price_from":"0000-00-00","sale_price_to":"0000-00-00","min_price":"0","max_price":"0"},{"post_id":"9378","multi_location":"_1957_,_275_,_1944_,_1946_,_1945_,_1947_,_284_,_1952_,_282_,_7965_,_7967_,_7970_","id_location":"","cars_address":"New Jersey, USA","cars_price":"10","sale_price":"10","number_car":"1","cars_booking_period":"","is_sale_schedule":"off","discount":"","sale_price_from":"0000-00-00","sale_price_to":"0000-00-00","min_price":"0","max_price":"0"},{"post_id":"9379","multi_location":"","id_location":"","cars_address":"","cars_price":"","sale_price":"","number_car":"","cars_booking_period":"","is_sale_schedule":"","discount":"","sale_price_from":"0000-00-00","sale_price_to":"0000-00-00","min_price":"0","max_price":"0"},{"post_id":"9386","multi_location":"","id_location":"","cars_address":"Delaware, OH, USA","cars_price":"12","sale_price":"12","number_car":"1","cars_booking_period":"","is_sale_schedule":"off","discount":"","sale_price_from":"0000-00-00","sale_price_to":"0000-00-00","min_price":"0","max_price":"0"},{"post_id":"9387","multi_location":"","id_location":"","cars_address":"","cars_price":"","sale_price":"","number_car":"","cars_booking_period":"","is_sale_schedule":"","discount":"","sale_price_from":"0000-00-00","sale_price_to":"0000-00-00","min_price":"0","max_price":"0"},{"post_id":"9388","multi_location":"","id_location":"","cars_address":"Nevada, USA","cars_price":"20","sale_price":"20","number_car":"1","cars_booking_period":"","is_sale_schedule":"off","discount":"","sale_price_from":"0000-00-00","sale_price_to":"0000-00-00","min_price":"0","max_price":"0"},{"post_id":"9392","multi_location":"","id_location":"","cars_address":"","cars_price":"","sale_price":"","number_car":"","cars_booking_period":"","is_sale_schedule":"","discount":"","sale_price_from":"0000-00-00","sale_price_to":"0000-00-00","min_price":"0","max_price":"0"},{"post_id":"9393","multi_location":"","id_location":"","cars_address":"San Francisco, CA, USA","cars_price":"7","sale_price":"7","number_car":"1","cars_booking_period":"","is_sale_schedule":"off","discount":"","sale_price_from":"0000-00-00","sale_price_to":"0000-00-00","min_price":"0","max_price":"0"},{"post_id":"9394","multi_location":"","id_location":"","cars_address":"","cars_price":"","sale_price":"","number_car":"","cars_booking_period":"","is_sale_schedule":"","discount":"","sale_price_from":"0000-00-00","sale_price_to":"0000-00-00","min_price":"0","max_price":"0"},{"post_id":"9404","multi_location":"","id_location":"","cars_address":"Wilmington, NC, USA","cars_price":"10","sale_price":"10","number_car":"1","cars_booking_period":"","is_sale_schedule":"off","discount":"","sale_price_from":"0000-00-00","sale_price_to":"0000-00-00","min_price":"0","max_price":"0"},{"post_id":"9405","multi_location":"","id_location":"","cars_address":"","cars_price":"","sale_price":"","number_car":"","cars_booking_period":"","is_sale_schedule":"","discount":"","sale_price_from":"0000-00-00","sale_price_to":"0000-00-00","min_price":"0","max_price":"0"},{"post_id":"9454","multi_location":"","id_location":"","cars_address":"Virginia Beach, VA, USA","cars_price":"10","sale_price":"10","number_car":"1","cars_booking_period":"","is_sale_schedule":"off","discount":"","sale_price_from":"0000-00-00","sale_price_to":"0000-00-00","min_price":"0","max_price":"0"},{"post_id":"9455","multi_location":"","id_location":"","cars_address":"","cars_price":"","sale_price":"","number_car":"","cars_booking_period":"","is_sale_schedule":"","discount":"","sale_price_from":"0000-00-00","sale_price_to":"0000-00-00","min_price":"0","max_price":"0"},{"post_id":"9459","multi_location":"","id_location":"","cars_address":"California, USA","cars_price":"12","sale_price":"12","number_car":"1","cars_booking_period":"","is_sale_schedule":"off","discount":"","sale_price_from":"0000-00-00","sale_price_to":"0000-00-00","min_price":"0","max_price":"0"},{"post_id":"9460","multi_location":"","id_location":"","cars_address":"","cars_price":"","sale_price":"","number_car":"","cars_booking_period":"","is_sale_schedule":"","discount":"","sale_price_from":"0000-00-00","sale_price_to":"0000-00-00","min_price":"0","max_price":"0"},{"post_id":"9464","multi_location":"","id_location":"","cars_address":"Los Angeles, CA, USA","cars_price":"10","sale_price":"10","number_car":"1","cars_booking_period":"","is_sale_schedule":"off","discount":"","sale_price_from":"0000-00-00","sale_price_to":"0000-00-00","min_price":"0","max_price":"0"},{"post_id":"9465","multi_location":"","id_location":"","cars_address":"","cars_price":"","sale_price":"","number_car":"","cars_booking_period":"","is_sale_schedule":"","discount":"","sale_price_from":"0000-00-00","sale_price_to":"0000-00-00","min_price":"0","max_price":"0"},{"post_id":"9469","multi_location":"","id_location":"","cars_address":"New York, NY, USA","cars_price":"10","sale_price":"10","number_car":"1","cars_booking_period":"","is_sale_schedule":"off","discount":"","sale_price_from":"0000-00-00","sale_price_to":"0000-00-00","min_price":"0","max_price":"0"},{"post_id":"9470","multi_location":"","id_location":"","cars_address":"","cars_price":"","sale_price":"","number_car":"","cars_booking_period":"","is_sale_schedule":"","discount":"","sale_price_from":"0000-00-00","sale_price_to":"0000-00-00","min_price":"0","max_price":"0"},{"post_id":"9474","multi_location":"","id_location":"","cars_address":"New Jersey, USA","cars_price":"5","sale_price":"5","number_car":"1","cars_booking_period":"","is_sale_schedule":"off","discount":"","sale_price_from":"0000-00-00","sale_price_to":"0000-00-00","min_price":"0","max_price":"0"},{"post_id":"9475","multi_location":"","id_location":"","cars_address":"","cars_price":"","sale_price":"","number_car":"","cars_booking_period":"","is_sale_schedule":"","discount":"","sale_price_from":"0000-00-00","sale_price_to":"0000-00-00","min_price":"0","max_price":"0"},{"post_id":"9479","multi_location":"","id_location":"","cars_address":"Delaware, OH, USA","cars_price":"12","sale_price":"12","number_car":"1","cars_booking_period":"","is_sale_schedule":"off","discount":"","sale_price_from":"0000-00-00","sale_price_to":"0000-00-00","min_price":"0","max_price":"0"},{"post_id":"9480","multi_location":"","id_location":"","cars_address":"","cars_price":"","sale_price":"","number_car":"","cars_booking_period":"","is_sale_schedule":"","discount":"","sale_price_from":"0000-00-00","sale_price_to":"0000-00-00","min_price":"0","max_price":"0"},{"post_id":"9484","multi_location":"","id_location":"","cars_address":"Nevada City, CA, USA","cars_price":"5","sale_price":"5","number_car":"1","cars_booking_period":"","is_sale_schedule":"off","discount":"","sale_price_from":"0000-00-00","sale_price_to":"0000-00-00","min_price":"0","max_price":"0"},{"post_id":"9485","multi_location":"","id_location":"","cars_address":"","cars_price":"","sale_price":"","number_car":"","cars_booking_period":"","is_sale_schedule":"","discount":"","sale_price_from":"0000-00-00","sale_price_to":"0000-00-00","min_price":"0","max_price":"0"},{"post_id":"9489","multi_location":"","id_location":"","cars_address":"San Francisco, CA, USA","cars_price":"12","sale_price":"12","number_car":"1","cars_booking_period":"","is_sale_schedule":"off","discount":"","sale_price_from":"0000-00-00","sale_price_to":"0000-00-00","min_price":"0","max_price":"0"},{"post_id":"9490","multi_location":"","id_location":"","cars_address":"","cars_price":"","sale_price":"","number_car":"","cars_booking_period":"","is_sale_schedule":"","discount":"","sale_price_from":"0000-00-00","sale_price_to":"0000-00-00","min_price":"0","max_price":"0"},{"post_id":"9494","multi_location":"","id_location":"","cars_address":"San Francisco, CA, USA","cars_price":"5","sale_price":"5","number_car":"1","cars_booking_period":"","is_sale_schedule":"off","discount":"","sale_price_from":"0000-00-00","sale_price_to":"0000-00-00","min_price":"0","max_price":"0"},{"post_id":"9495","multi_location":"","id_location":"","cars_address":"","cars_price":"","sale_price":"","number_car":"","cars_booking_period":"","is_sale_schedule":"","discount":"","sale_price_from":"0000-00-00","sale_price_to":"0000-00-00","min_price":"0","max_price":"0"},{"post_id":"9499","multi_location":"_1957_,_275_,_1944_,_1946_,_1945_,_1947_,_284_,_1952_,_282_,_7965_,_7967_,_7970_","id_location":"","cars_address":"California, USA","cars_price":"10","sale_price":"10","number_car":"1","cars_booking_period":"","is_sale_schedule":"off","discount":"","sale_price_from":"0000-00-00","sale_price_to":"0000-00-00","min_price":"0","max_price":"0"},{"post_id":"9500","multi_location":"","id_location":"","cars_address":"","cars_price":"","sale_price":"","number_car":"","cars_booking_period":"","is_sale_schedule":"","discount":"","sale_price_from":"0000-00-00","sale_price_to":"0000-00-00","min_price":"0","max_price":"0"},{"post_id":"9501","multi_location":"","id_location":"","cars_address":"Los Angeles, CA, USA","cars_price":"7","sale_price":"7","number_car":"1","cars_booking_period":"","is_sale_schedule":"off","discount":"","sale_price_from":"0000-00-00","sale_price_to":"0000-00-00","min_price":"0","max_price":"0"},{"post_id":"9502","multi_location":"","id_location":"","cars_address":"","cars_price":"","sale_price":"","number_car":"","cars_booking_period":"","is_sale_schedule":"","discount":"","sale_price_from":"0000-00-00","sale_price_to":"0000-00-00","min_price":"0","max_price":"0"}]