[{"id":"1","location_id":"0","location_country":null,"parent_id":"0","left_key":"1","right_key":"26","name":"root","fullname":"root","language":null,"status":"private_root"},{"id":"2","location_id":"1957","location_country":"US","parent_id":"1","left_key":"2","right_key":"25","name":"United States","fullname":"United States","language":"en","status":"publish"},{"id":"3","location_id":"275","location_country":"US","parent_id":"2","left_key":"3","right_key":"4","name":"New York","fullname":"New York, United States||10-14","language":"en","status":"publish"},{"id":"4","location_id":"1944","location_country":"US","parent_id":"2","left_key":"5","right_key":"10","name":"New Jersey","fullname":"New Jersey, United States||900-961","language":"en","status":"publish"},{"id":"5","location_id":"1947","location_country":"US","parent_id":"2","left_key":"11","right_key":"14","name":"San Francisco","fullname":"San Francisco, United States||899-899","language":"en","status":"publish"},{"id":"6","location_id":"1952","location_country":"US","parent_id":"2","left_key":"15","right_key":"18","name":"Virginia","fullname":"Virginia, United States||220-246","language":"en","status":"publish"},{"id":"7","location_id":"7965","location_country":"US","parent_id":"2","left_key":"19","right_key":"20","name":"California","fullname":"California, United States||900-961","language":"en","status":"publish"},{"id":"8","location_id":"7967","location_country":"US","parent_id":"2","left_key":"21","right_key":"22","name":"Los Angeles","fullname":"Los Angeles, United States","language":"en","status":"publish"},{"id":"9","location_id":"7970","location_country":"US","parent_id":"2","left_key":"23","right_key":"24","name":"San Francisco","fullname":"San Francisco, United States","language":"en","status":"publish"},{"id":"10","location_id":"1945","location_country":"US","parent_id":"11","left_key":"7","right_key":"8","name":"Nevada","fullname":"Nevada, Delaware, New Jersey, United States||90001\u201390068, 90070\u201390084, 90086\u201390089, 90091, 90093\u201390097, 90099","language":"en","status":"publish"},{"id":"11","location_id":"1946","location_country":"US","parent_id":"4","left_key":"6","right_key":"9","name":"Delaware","fullname":"Delaware, New Jersey, United States||90001\u201390068, 90070\u201390084, 90086\u201390089, 90091, 90093\u201390097, 90099","language":"en","status":"publish"},{"id":"12","location_id":"284","location_country":"US","parent_id":"5","left_key":"12","right_key":"13","name":"Wilmington","fullname":"Wilmington, San Francisco, United States","language":"en","status":"publish"},{"id":"13","location_id":"282","location_country":"US","parent_id":"6","left_key":"16","right_key":"17","name":"Virginia Beach","fullname":"Virginia Beach, Virginia, United States","language":"en","status":"publish"}]