<?xml version="1.0" encoding="UTF-8" ?>
<!-- This is a WordPress eXtended RSS file generated by WordPress as an export of your site. -->
<!-- It contains information about your site's posts, pages, comments, categories, and other content. -->
<!-- You may use this file to transfer that content from one site to another. -->
<!-- This file is not intended to serve as a complete backup of your site. -->

<!-- To import this information into a WordPress site follow these steps: -->
<!-- 1. Log in to that site as an administrator. -->
<!-- 2. Go to Tools: Import in the WordPress admin panel. -->
<!-- 3. Install the "WordPress" importer from the list. -->
<!-- 4. Activate & Run Importer. -->
<!-- 5. Upload this file using the form provided on that page. -->
<!-- 6. You will first be asked to map the authors in this export file to users -->
<!--    on the site. For each author, you may choose to map to an -->
<!--    existing user on the site or to create a new user. -->
<!-- 7. WordPress will then import each of the posts, pages, comments, categories, etc. -->
<!--    contained in this file into your site. -->

	<!-- generator="WordPress/5.1.1" created="2019-04-26 08:41" -->
<rss version="2.0"
	xmlns:excerpt="http://wordpress.org/export/1.2/excerpt/"
	xmlns:content="http://purl.org/rss/1.0/modules/content/"
	xmlns:wfw="http://wellformedweb.org/CommentAPI/"
	xmlns:dc="http://purl.org/dc/elements/1.1/"
	xmlns:wp="http://wordpress.org/export/1.2/"
>

<channel>
	<title>Traveler</title>
	<link>http://shinetheme.com/travelerdata/car</link>
	<description>WordPress Booking Theme</description>
	<pubDate>Fri, 26 Apr 2019 08:41:05 +0000</pubDate>
	<language>en-US</language>
	<wp:wxr_version>1.2</wp:wxr_version>
	<wp:base_site_url>http://shinetheme.com/travelerdata/car</wp:base_site_url>
	<wp:base_blog_url>http://shinetheme.com/travelerdata/car</wp:base_blog_url>

		<wp:author><wp:author_id>2</wp:author_id><wp:author_login><![CDATA[travelhotel]]></wp:author_login><wp:author_email><![CDATA[phpleaderpro@gmail.com]]></wp:author_email><wp:author_display_name><![CDATA[Travis Tan]]></wp:author_display_name><wp:author_first_name><![CDATA[Travis]]></wp:author_first_name><wp:author_last_name><![CDATA[Tan]]></wp:author_last_name></wp:author>

				
	<generator>https://wordpress.org/?v=5.1.1</generator>

		<item>
		<title>
				Mega Menu		</title>
		<link>http://shinetheme.com/travelerdata/car/?post_type=st_mega_menu&#038;p=8327</link>
		<pubDate>Fri, 11 Jan 2019 11:04:17 +0000</pubDate>
		<dc:creator><![CDATA[travelhotel]]></dc:creator>
		<guid isPermaLink="false">https://camap.wpengine.com/?post_type=st_mega_menu&#038;p=8327</guid>
		<description></description>
		<content:encoded>
				<![CDATA[[vc_row][vc_column width="2/3" el_class="st-mega"][vc_row_inner][vc_column_inner width="1/4"][vc_column_text]
<h5><strong>ASIA</strong></h5>
[/vc_column_text][st_custom_menu menu="mega-2"][/vc_column_inner][vc_column_inner width="1/4"][vc_column_text]
<h5><strong>EUROPE</strong></h5>
[/vc_column_text][st_custom_menu menu="mega-1"][/vc_column_inner][vc_column_inner width="1/4"][vc_column_text]
<h5><strong>AFRICA</strong></h5>
[/vc_column_text][st_custom_menu menu="mega-3"][/vc_column_inner][vc_column_inner width="1/4"][vc_empty_space height="10px"][vc_single_image image="8375" img_size="165x256" alignment="center"][/vc_column_inner][/vc_row_inner][/vc_column][vc_column width="1/3"][/vc_column][/vc_row]]]>		</content:encoded>
		<excerpt:encoded>
				<![CDATA[]]>		</excerpt:encoded>
		<wp:post_id>8327</wp:post_id>
		<wp:post_date><![CDATA[2019-01-11 11:04:17]]></wp:post_date>
		<wp:post_date_gmt><![CDATA[2019-01-11 11:04:17]]></wp:post_date_gmt>
		<wp:comment_status><![CDATA[closed]]></wp:comment_status>
		<wp:ping_status><![CDATA[closed]]></wp:ping_status>
		<wp:post_name><![CDATA[mega-menu]]></wp:post_name>
		<wp:status><![CDATA[publish]]></wp:status>
		<wp:post_parent>0</wp:post_parent>
		<wp:menu_order>0</wp:menu_order>
		<wp:post_type><![CDATA[st_mega_menu]]></wp:post_type>
		<wp:post_password><![CDATA[]]></wp:post_password>
		<wp:is_sticky>0</wp:is_sticky>
														<wp:postmeta>
		<wp:meta_key><![CDATA[min_price]]></wp:meta_key>
		<wp:meta_value><![CDATA[]]></wp:meta_value>
		</wp:postmeta>
							<wp:postmeta>
		<wp:meta_key><![CDATA[rate_review]]></wp:meta_key>
		<wp:meta_value><![CDATA[0]]></wp:meta_value>
		</wp:postmeta>
							<wp:postmeta>
		<wp:meta_key><![CDATA[_edit_last]]></wp:meta_key>
		<wp:meta_value><![CDATA[2]]></wp:meta_value>
		</wp:postmeta>
							<wp:postmeta>
		<wp:meta_key><![CDATA[_wpb_vc_js_status]]></wp:meta_key>
		<wp:meta_value><![CDATA[true]]></wp:meta_value>
		</wp:postmeta>
							<wp:postmeta>
		<wp:meta_key><![CDATA[_wpml_media_duplicate]]></wp:meta_key>
		<wp:meta_value><![CDATA[1]]></wp:meta_value>
		</wp:postmeta>
							</item>
				</channel>
</rss>
	