<?xml version="1.0" encoding="UTF-8" ?>
<!-- This is a WordPress eXtended RSS file generated by WordPress as an export of your site. -->
<!-- It contains information about your site's posts, pages, comments, categories, and other content. -->
<!-- You may use this file to transfer that content from one site to another. -->
<!-- This file is not intended to serve as a complete backup of your site. -->

<!-- To import this information into a WordPress site follow these steps: -->
<!-- 1. Log in to that site as an administrator. -->
<!-- 2. Go to Tools: Import in the WordPress admin panel. -->
<!-- 3. Install the "WordPress" importer from the list. -->
<!-- 4. Activate & Run Importer. -->
<!-- 5. Upload this file using the form provided on that page. -->
<!-- 6. You will first be asked to map the authors in this export file to users -->
<!--    on the site. For each author, you may choose to map to an -->
<!--    existing user on the site or to create a new user. -->
<!-- 7. WordPress will then import each of the posts, pages, comments, categories, etc. -->
<!--    contained in this file into your site. -->

	<!-- generator="WordPress/5.1.1" created="2019-04-26 04:31" -->
<rss version="2.0"
	xmlns:excerpt="http://wordpress.org/export/1.2/excerpt/"
	xmlns:content="http://purl.org/rss/1.0/modules/content/"
	xmlns:wfw="http://wellformedweb.org/CommentAPI/"
	xmlns:dc="http://purl.org/dc/elements/1.1/"
	xmlns:wp="http://wordpress.org/export/1.2/"
>

<channel>
	<title>Traveler</title>
	<link>http://shinetheme.com/travelerdata/rental</link>
	<description>WordPress Booking Theme</description>
	<pubDate>Fri, 26 Apr 2019 04:31:33 +0000</pubDate>
	<language>en-US</language>
	<wp:wxr_version>1.2</wp:wxr_version>
	<wp:base_site_url>http://shinetheme.com/travelerdata/rental</wp:base_site_url>
	<wp:base_blog_url>http://shinetheme.com/travelerdata/rental</wp:base_blog_url>

		<wp:author><wp:author_id>2</wp:author_id><wp:author_login><![CDATA[travelhotel]]></wp:author_login><wp:author_email><![CDATA[phpleaderpro@gmail.com]]></wp:author_email><wp:author_display_name><![CDATA[Travis Tan]]></wp:author_display_name><wp:author_first_name><![CDATA[Travis]]></wp:author_first_name><wp:author_last_name><![CDATA[Tan]]></wp:author_last_name></wp:author>

				
	<generator>https://wordpress.org/?v=5.1.1</generator>

		<item>
		<title>
				A Seaside Reset in Laguna Beach		</title>
		<link>http://shinetheme.com/travelerdata/rental/a-seaside-reset-in-laguna-beach/</link>
		<pubDate>Fri, 30 Nov 2018 07:14:18 +0000</pubDate>
		<dc:creator><![CDATA[travelhotel]]></dc:creator>
		<guid isPermaLink="false">http://cs13.temp.domains/~shineth7/?p=7987</guid>
		<description></description>
		<content:encoded>
				<![CDATA[On the Insert tab, the galleries include items that are designed to coordinate with the overall look of your document. You can use these galleries to insert tables, headers, footers, lists, cover pages, and other document building blocks. When you create pictures, charts, or diagrams, they also coordinate with your current document look.

You can easily change the formatting of selected text in the document text by choosing a look for the selected text from the Quick Styles gallery on the Home tab. You can also format text directly by using the other controls on the Home tab. Most controls offer a choice of using the look from the current theme or using a format that you specify directly.

To change the overall look of your document, choose new Theme elements on the Page Layout tab. To change the looks available in the Quick Style gallery, use the Change Current Quick Style Set command. Both the Themes gallery and the Quick Styles gallery provide reset commands so that you can always restore the look of your document to the original contained in your current template.

On the Insert tab, the galleries include items that are designed to coordinate with the overall look of your document. You can use these galleries to insert tables, headers, footers, lists, cover pages, and other document building blocks. When you create pictures, charts, or diagrams, they also coordinate with your current document look.

You can easily change the formatting of selected text in the document text by choosing a look for the selected text from the Quick Styles gallery on the Home tab. You can also format text directly by using the other controls on the Home tab. Most controls offer a choice of using the look from the current theme or using a format that you specify directly.

To change the overall look of your document, choose new Theme elements on the Page Layout tab. To change the looks available in the Quick Style gallery, use the Change Current Quick Style Set command. Both the Themes gallery and the Quick Styles gallery provide reset commands so that you can always restore the look of your document to the original contained in your current template.

On the Insert tab, the galleries include items that are designed to coordinate with the overall look of your document. You can use these galleries to insert tables, headers, footers, lists, cover pages, and other document building blocks. When you create pictures, charts, or diagrams, they also coordinate with your current document look.

You can easily change the formatting of selected text in the document text by choosing a look for the selected text from the Quick Styles gallery on the Home tab. You can also format text directly by using the other controls on the Home tab. Most controls offer a choice of using the look from the current theme or using a format that you specify directly.

To change the overall look of your document, choose new Theme elements on the Page Layout tab. To change the looks available in the Quick Style gallery, use the Change Current Quick Style Set command. Both the Themes gallery and the Quick Styles gallery provide reset commands so that you can always restore the look of your document to the original contained in your current template.]]>		</content:encoded>
		<excerpt:encoded>
				<![CDATA[]]>		</excerpt:encoded>
		<wp:post_id>7987</wp:post_id>
		<wp:post_date><![CDATA[2018-11-30 07:14:18]]></wp:post_date>
		<wp:post_date_gmt><![CDATA[2018-11-30 07:14:18]]></wp:post_date_gmt>
		<wp:comment_status><![CDATA[open]]></wp:comment_status>
		<wp:ping_status><![CDATA[open]]></wp:ping_status>
		<wp:post_name><![CDATA[a-seaside-reset-in-laguna-beach]]></wp:post_name>
		<wp:status><![CDATA[publish]]></wp:status>
		<wp:post_parent>0</wp:post_parent>
		<wp:menu_order>0</wp:menu_order>
		<wp:post_type><![CDATA[post]]></wp:post_type>
		<wp:post_password><![CDATA[]]></wp:post_password>
		<wp:is_sticky>0</wp:is_sticky>
										<category domain="category" nicename="cultural-events"><![CDATA[Cultural events]]></category>
		<category domain="post_tag" nicename="tiptoe"><![CDATA[Tiptoe]]></category>
		<category domain="post_tag" nicename="tulips"><![CDATA[Tulips]]></category>
		<category domain="post_tag" nicename="washington"><![CDATA[Washington]]></category>
						<wp:postmeta>
		<wp:meta_key><![CDATA[rate_review]]></wp:meta_key>
		<wp:meta_value><![CDATA[0]]></wp:meta_value>
		</wp:postmeta>
							<wp:postmeta>
		<wp:meta_key><![CDATA[min_price]]></wp:meta_key>
		<wp:meta_value><![CDATA[]]></wp:meta_value>
		</wp:postmeta>
							<wp:postmeta>
		<wp:meta_key><![CDATA[rate_review]]></wp:meta_key>
		<wp:meta_value><![CDATA[0]]></wp:meta_value>
		</wp:postmeta>
							<wp:postmeta>
		<wp:meta_key><![CDATA[_edit_last]]></wp:meta_key>
		<wp:meta_value><![CDATA[2]]></wp:meta_value>
		</wp:postmeta>
							<wp:postmeta>
		<wp:meta_key><![CDATA[_wpml_media_featured]]></wp:meta_key>
		<wp:meta_value><![CDATA[1]]></wp:meta_value>
		</wp:postmeta>
							<wp:postmeta>
		<wp:meta_key><![CDATA[_wpml_media_duplicate]]></wp:meta_key>
		<wp:meta_value><![CDATA[1]]></wp:meta_value>
		</wp:postmeta>
							<wp:postmeta>
		<wp:meta_key><![CDATA[_thumbnail_id]]></wp:meta_key>
		<wp:meta_value><![CDATA[8018]]></wp:meta_value>
		</wp:postmeta>
							<wp:postmeta>
		<wp:meta_key><![CDATA[post_views_count]]></wp:meta_key>
		<wp:meta_value><![CDATA[]]></wp:meta_value>
		</wp:postmeta>
							</item>
					<item>
		<title>
				Tiptoe through the Tulips of Washington		</title>
		<link>http://shinetheme.com/travelerdata/rental/tiptoe-through-the-tulips-of-washington/</link>
		<pubDate>Fri, 30 Nov 2018 07:16:53 +0000</pubDate>
		<dc:creator><![CDATA[travelhotel]]></dc:creator>
		<guid isPermaLink="false">http://cs13.temp.domains/~shineth7/?p=7992</guid>
		<description></description>
		<content:encoded>
				<![CDATA[On the Insert tab, the galleries include items that are designed to coordinate with the overall look of your document. You can use these galleries to insert tables, headers, footers, lists, cover pages, and other document building blocks. When you create pictures, charts, or diagrams, they also coordinate with your current document look.

You can easily change the formatting of selected text in the document text by choosing a look for the selected text from the Quick Styles gallery on the Home tab. You can also format text directly by using the other controls on the Home tab. Most controls offer a choice of using the look from the current theme or using a format that you specify directly.

To change the overall look of your document, choose new Theme elements on the Page Layout tab. To change the looks available in the Quick Style gallery, use the Change Current Quick Style Set command. Both the Themes gallery and the Quick Styles gallery provide reset commands so that you can always restore the look of your document to the original contained in your current template.

On the Insert tab, the galleries include items that are designed to coordinate with the overall look of your document. You can use these galleries to insert tables, headers, footers, lists, cover pages, and other document building blocks. When you create pictures, charts, or diagrams, they also coordinate with your current document look.

You can easily change the formatting of selected text in the document text by choosing a look for the selected text from the Quick Styles gallery on the Home tab. You can also format text directly by using the other controls on the Home tab. Most controls offer a choice of using the look from the current theme or using a format that you specify directly.

To change the overall look of your document, choose new Theme elements on the Page Layout tab. To change the looks available in the Quick Style gallery, use the Change Current Quick Style Set command. Both the Themes gallery and the Quick Styles gallery provide reset commands so that you can always restore the look of your document to the original contained in your current template.

On the Insert tab, the galleries include items that are designed to coordinate with the overall look of your document. You can use these galleries to insert tables, headers, footers, lists, cover pages, and other document building blocks. When you create pictures, charts, or diagrams, they also coordinate with your current document look.

You can easily change the formatting of selected text in the document text by choosing a look for the selected text from the Quick Styles gallery on the Home tab. You can also format text directly by using the other controls on the Home tab. Most controls offer a choice of using the look from the current theme or using a format that you specify directly.

To change the overall look of your document, choose new Theme elements on the Page Layout tab. To change the looks available in the Quick Style gallery, use the Change Current Quick Style Set command. Both the Themes gallery and the Quick Styles gallery provide reset commands so that you can always restore the look of your document to the original contained in your current template.]]>		</content:encoded>
		<excerpt:encoded>
				<![CDATA[]]>		</excerpt:encoded>
		<wp:post_id>7992</wp:post_id>
		<wp:post_date><![CDATA[2018-11-30 07:16:53]]></wp:post_date>
		<wp:post_date_gmt><![CDATA[2018-11-30 07:16:53]]></wp:post_date_gmt>
		<wp:comment_status><![CDATA[open]]></wp:comment_status>
		<wp:ping_status><![CDATA[open]]></wp:ping_status>
		<wp:post_name><![CDATA[tiptoe-through-the-tulips-of-washington]]></wp:post_name>
		<wp:status><![CDATA[publish]]></wp:status>
		<wp:post_parent>0</wp:post_parent>
		<wp:menu_order>0</wp:menu_order>
		<wp:post_type><![CDATA[post]]></wp:post_type>
		<wp:post_password><![CDATA[]]></wp:post_password>
		<wp:is_sticky>0</wp:is_sticky>
										<category domain="post_tag" nicename="carnivals"><![CDATA[Carnivals]]></category>
		<category domain="post_format" nicename="post-format-gallery"><![CDATA[Gallery]]></category>
		<category domain="category" nicename="mountains"><![CDATA[Mountains]]></category>
		<category domain="post_tag" nicename="national"><![CDATA[National]]></category>
		<category domain="post_tag" nicename="parks"><![CDATA[Parks]]></category>
						<wp:postmeta>
		<wp:meta_key><![CDATA[rate_review]]></wp:meta_key>
		<wp:meta_value><![CDATA[0]]></wp:meta_value>
		</wp:postmeta>
							<wp:postmeta>
		<wp:meta_key><![CDATA[post_views_count]]></wp:meta_key>
		<wp:meta_value><![CDATA[]]></wp:meta_value>
		</wp:postmeta>
							<wp:postmeta>
		<wp:meta_key><![CDATA[min_price]]></wp:meta_key>
		<wp:meta_value><![CDATA[]]></wp:meta_value>
		</wp:postmeta>
							<wp:postmeta>
		<wp:meta_key><![CDATA[rate_review]]></wp:meta_key>
		<wp:meta_value><![CDATA[0]]></wp:meta_value>
		</wp:postmeta>
							<wp:postmeta>
		<wp:meta_key><![CDATA[_edit_last]]></wp:meta_key>
		<wp:meta_value><![CDATA[2]]></wp:meta_value>
		</wp:postmeta>
							<wp:postmeta>
		<wp:meta_key><![CDATA[_wpml_media_featured]]></wp:meta_key>
		<wp:meta_value><![CDATA[1]]></wp:meta_value>
		</wp:postmeta>
							<wp:postmeta>
		<wp:meta_key><![CDATA[_wpml_media_duplicate]]></wp:meta_key>
		<wp:meta_value><![CDATA[1]]></wp:meta_value>
		</wp:postmeta>
							<wp:postmeta>
		<wp:meta_key><![CDATA[_thumbnail_id]]></wp:meta_key>
		<wp:meta_value><![CDATA[8022]]></wp:meta_value>
		</wp:postmeta>
							<wp:postmeta>
		<wp:meta_key><![CDATA[gallery]]></wp:meta_key>
		<wp:meta_value><![CDATA[8022,8018,8025,8024,8023,8021]]></wp:meta_value>
		</wp:postmeta>
							<wp:postmeta>
		<wp:meta_key><![CDATA[_wpb_vc_js_status]]></wp:meta_key>
		<wp:meta_value><![CDATA[false]]></wp:meta_value>
		</wp:postmeta>
							</item>
					<item>
		<title>
				City Spotlight: Philadelphia		</title>
		<link>http://shinetheme.com/travelerdata/rental/city-spotlight-philadelphia/</link>
		<pubDate>Fri, 30 Nov 2018 07:18:24 +0000</pubDate>
		<dc:creator><![CDATA[travelhotel]]></dc:creator>
		<guid isPermaLink="false">http://cs13.temp.domains/~shineth7/?p=7997</guid>
		<description></description>
		<content:encoded>
				<![CDATA[On the Insert tab, the galleries include items that are designed to coordinate with the overall look of your document. You can use these galleries to insert tables, headers, footers, lists, cover pages, and other document building blocks. When you create pictures, charts, or diagrams, they also coordinate with your current document look.

You can easily change the formatting of selected text in the document text by choosing a look for the selected text from the Quick Styles gallery on the Home tab. You can also format text directly by using the other controls on the Home tab. Most controls offer a choice of using the look from the current theme or using a format that you specify directly.

To change the overall look of your document, choose new Theme elements on the Page Layout tab. To change the looks available in the Quick Style gallery, use the Change Current Quick Style Set command. Both the Themes gallery and the Quick Styles gallery provide reset commands so that you can always restore the look of your document to the original contained in your current template.

On the Insert tab, the galleries include items that are designed to coordinate with the overall look of your document. You can use these galleries to insert tables, headers, footers, lists, cover pages, and other document building blocks. When you create pictures, charts, or diagrams, they also coordinate with your current document look.

You can easily change the formatting of selected text in the document text by choosing a look for the selected text from the Quick Styles gallery on the Home tab. You can also format text directly by using the other controls on the Home tab. Most controls offer a choice of using the look from the current theme or using a format that you specify directly.

To change the overall look of your document, choose new Theme elements on the Page Layout tab. To change the looks available in the Quick Style gallery, use the Change Current Quick Style Set command. Both the Themes gallery and the Quick Styles gallery provide reset commands so that you can always restore the look of your document to the original contained in your current template.

On the Insert tab, the galleries include items that are designed to coordinate with the overall look of your document. You can use these galleries to insert tables, headers, footers, lists, cover pages, and other document building blocks. When you create pictures, charts, or diagrams, they also coordinate with your current document look.

You can easily change the formatting of selected text in the document text by choosing a look for the selected text from the Quick Styles gallery on the Home tab. You can also format text directly by using the other controls on the Home tab. Most controls offer a choice of using the look from the current theme or using a format that you specify directly.

To change the overall look of your document, choose new Theme elements on the Page Layout tab. To change the looks available in the Quick Style gallery, use the Change Current Quick Style Set command. Both the Themes gallery and the Quick Styles gallery provide reset commands so that you can always restore the look of your document to the original contained in your current template.]]>		</content:encoded>
		<excerpt:encoded>
				<![CDATA[]]>		</excerpt:encoded>
		<wp:post_id>7997</wp:post_id>
		<wp:post_date><![CDATA[2018-11-30 07:18:24]]></wp:post_date>
		<wp:post_date_gmt><![CDATA[2018-11-30 07:18:24]]></wp:post_date_gmt>
		<wp:comment_status><![CDATA[open]]></wp:comment_status>
		<wp:ping_status><![CDATA[open]]></wp:ping_status>
		<wp:post_name><![CDATA[city-spotlight-philadelphia]]></wp:post_name>
		<wp:status><![CDATA[publish]]></wp:status>
		<wp:post_parent>0</wp:post_parent>
		<wp:menu_order>0</wp:menu_order>
		<wp:post_type><![CDATA[post]]></wp:post_type>
		<wp:post_password><![CDATA[]]></wp:post_password>
		<wp:is_sticky>0</wp:is_sticky>
										<category domain="post_tag" nicename="beaches"><![CDATA[beaches]]></category>
		<category domain="post_tag" nicename="beauty"><![CDATA[Beauty]]></category>
		<category domain="post_tag" nicename="cultural"><![CDATA[Cultural]]></category>
		<category domain="category" nicename="museums"><![CDATA[Museums]]></category>
						<wp:postmeta>
		<wp:meta_key><![CDATA[rate_review]]></wp:meta_key>
		<wp:meta_value><![CDATA[0]]></wp:meta_value>
		</wp:postmeta>
							<wp:postmeta>
		<wp:meta_key><![CDATA[post_views_count]]></wp:meta_key>
		<wp:meta_value><![CDATA[]]></wp:meta_value>
		</wp:postmeta>
							<wp:postmeta>
		<wp:meta_key><![CDATA[min_price]]></wp:meta_key>
		<wp:meta_value><![CDATA[]]></wp:meta_value>
		</wp:postmeta>
							<wp:postmeta>
		<wp:meta_key><![CDATA[rate_review]]></wp:meta_key>
		<wp:meta_value><![CDATA[0]]></wp:meta_value>
		</wp:postmeta>
							<wp:postmeta>
		<wp:meta_key><![CDATA[_edit_last]]></wp:meta_key>
		<wp:meta_value><![CDATA[2]]></wp:meta_value>
		</wp:postmeta>
							<wp:postmeta>
		<wp:meta_key><![CDATA[_wpml_media_featured]]></wp:meta_key>
		<wp:meta_value><![CDATA[1]]></wp:meta_value>
		</wp:postmeta>
							<wp:postmeta>
		<wp:meta_key><![CDATA[_wpml_media_duplicate]]></wp:meta_key>
		<wp:meta_value><![CDATA[1]]></wp:meta_value>
		</wp:postmeta>
							<wp:postmeta>
		<wp:meta_key><![CDATA[_thumbnail_id]]></wp:meta_key>
		<wp:meta_value><![CDATA[8020]]></wp:meta_value>
		</wp:postmeta>
							<wp:postmeta>
		<wp:meta_key><![CDATA[_wpb_vc_js_status]]></wp:meta_key>
		<wp:meta_value><![CDATA[false]]></wp:meta_value>
		</wp:postmeta>
							<wp:comment>
			<wp:comment_id>149</wp:comment_id>
			<wp:comment_author><![CDATA[tho]]></wp:comment_author>
			<wp:comment_author_email><![CDATA[tho@gmail.com]]></wp:comment_author_email>
			<wp:comment_author_url></wp:comment_author_url>
			<wp:comment_author_IP><![CDATA[117.4.243.164]]></wp:comment_author_IP>
			<wp:comment_date><![CDATA[2018-12-04 04:38:03]]></wp:comment_date>
			<wp:comment_date_gmt><![CDATA[2018-12-04 04:38:03]]></wp:comment_date_gmt>
			<wp:comment_content><![CDATA[This means buying adequate clothing, camping gear and waterproof wellies.]]></wp:comment_content>
			<wp:comment_approved><![CDATA[1]]></wp:comment_approved>
			<wp:comment_type><![CDATA[st_reviews]]></wp:comment_type>
			<wp:comment_parent>0</wp:comment_parent>
			<wp:comment_user_id>0</wp:comment_user_id>
							</wp:comment>
					<wp:comment>
			<wp:comment_id>164</wp:comment_id>
			<wp:comment_author><![CDATA[Yakup DRGN]]></wp:comment_author>
			<wp:comment_author_email><![CDATA[demo@demo.com]]></wp:comment_author_email>
			<wp:comment_author_url></wp:comment_author_url>
			<wp:comment_author_IP><![CDATA[185.67.125.237]]></wp:comment_author_IP>
			<wp:comment_date><![CDATA[2018-12-13 16:04:16]]></wp:comment_date>
			<wp:comment_date_gmt><![CDATA[2018-12-13 16:04:16]]></wp:comment_date_gmt>
			<wp:comment_content><![CDATA[awwdaaasdadad]]></wp:comment_content>
			<wp:comment_approved><![CDATA[1]]></wp:comment_approved>
			<wp:comment_type><![CDATA[st_reviews]]></wp:comment_type>
			<wp:comment_parent>0</wp:comment_parent>
			<wp:comment_user_id>14</wp:comment_user_id>
							</wp:comment>
					</item>
					<item>
		<title>
				The Castle on the Cliff: Majestic, Magic, Manoir		</title>
		<link>http://shinetheme.com/travelerdata/rental/the-castle-on-the-cliff-majestic-magic-manoir/</link>
		<pubDate>Fri, 30 Nov 2018 07:20:04 +0000</pubDate>
		<dc:creator><![CDATA[travelhotel]]></dc:creator>
		<guid isPermaLink="false">http://cs13.temp.domains/~shineth7/?p=8002</guid>
		<description></description>
		<content:encoded>
				<![CDATA[On the Insert tab, the galleries include items that are designed to coordinate with the overall look of your document. You can use these galleries to insert tables, headers, footers, lists, cover pages, and other document building blocks. When you create pictures, charts, or diagrams, they also coordinate with your current document look.

You can easily change the formatting of selected text in the document text by choosing a look for the selected text from the Quick Styles gallery on the Home tab. You can also format text directly by using the other controls on the Home tab. Most controls offer a choice of using the look from the current theme or using a format that you specify directly.

To change the overall look of your document, choose new Theme elements on the Page Layout tab. To change the looks available in the Quick Style gallery, use the Change Current Quick Style Set command. Both the Themes gallery and the Quick Styles gallery provide reset commands so that you can always restore the look of your document to the original contained in your current template.

On the Insert tab, the galleries include items that are designed to coordinate with the overall look of your document. You can use these galleries to insert tables, headers, footers, lists, cover pages, and other document building blocks. When you create pictures, charts, or diagrams, they also coordinate with your current document look.

You can easily change the formatting of selected text in the document text by choosing a look for the selected text from the Quick Styles gallery on the Home tab. You can also format text directly by using the other controls on the Home tab. Most controls offer a choice of using the look from the current theme or using a format that you specify directly.

To change the overall look of your document, choose new Theme elements on the Page Layout tab. To change the looks available in the Quick Style gallery, use the Change Current Quick Style Set command. Both the Themes gallery and the Quick Styles gallery provide reset commands so that you can always restore the look of your document to the original contained in your current template.

On the Insert tab, the galleries include items that are designed to coordinate with the overall look of your document. You can use these galleries to insert tables, headers, footers, lists, cover pages, and other document building blocks. When you create pictures, charts, or diagrams, they also coordinate with your current document look.

You can easily change the formatting of selected text in the document text by choosing a look for the selected text from the Quick Styles gallery on the Home tab. You can also format text directly by using the other controls on the Home tab. Most controls offer a choice of using the look from the current theme or using a format that you specify directly.

To change the overall look of your document, choose new Theme elements on the Page Layout tab. To change the looks available in the Quick Style gallery, use the Change Current Quick Style Set command. Both the Themes gallery and the Quick Styles gallery provide reset commands so that you can always restore the look of your document to the original contained in your current template.]]>		</content:encoded>
		<excerpt:encoded>
				<![CDATA[]]>		</excerpt:encoded>
		<wp:post_id>8002</wp:post_id>
		<wp:post_date><![CDATA[2018-11-30 07:20:04]]></wp:post_date>
		<wp:post_date_gmt><![CDATA[2018-11-30 07:20:04]]></wp:post_date_gmt>
		<wp:comment_status><![CDATA[open]]></wp:comment_status>
		<wp:ping_status><![CDATA[open]]></wp:ping_status>
		<wp:post_name><![CDATA[the-castle-on-the-cliff-majestic-magic-manoir]]></wp:post_name>
		<wp:status><![CDATA[publish]]></wp:status>
		<wp:post_parent>0</wp:post_parent>
		<wp:menu_order>0</wp:menu_order>
		<wp:post_type><![CDATA[post]]></wp:post_type>
		<wp:post_password><![CDATA[]]></wp:post_password>
		<wp:is_sticky>0</wp:is_sticky>
										<category domain="post_tag" nicename="carnivals"><![CDATA[Carnivals]]></category>
		<category domain="post_tag" nicename="national"><![CDATA[National]]></category>
		<category domain="category" nicename="national-parks"><![CDATA[National parks]]></category>
		<category domain="post_tag" nicename="parks"><![CDATA[Parks]]></category>
						<wp:postmeta>
		<wp:meta_key><![CDATA[rate_review]]></wp:meta_key>
		<wp:meta_value><![CDATA[0]]></wp:meta_value>
		</wp:postmeta>
							<wp:postmeta>
		<wp:meta_key><![CDATA[min_price]]></wp:meta_key>
		<wp:meta_value><![CDATA[]]></wp:meta_value>
		</wp:postmeta>
							<wp:postmeta>
		<wp:meta_key><![CDATA[rate_review]]></wp:meta_key>
		<wp:meta_value><![CDATA[0]]></wp:meta_value>
		</wp:postmeta>
							<wp:postmeta>
		<wp:meta_key><![CDATA[_edit_last]]></wp:meta_key>
		<wp:meta_value><![CDATA[2]]></wp:meta_value>
		</wp:postmeta>
							<wp:postmeta>
		<wp:meta_key><![CDATA[_wpml_media_featured]]></wp:meta_key>
		<wp:meta_value><![CDATA[1]]></wp:meta_value>
		</wp:postmeta>
							<wp:postmeta>
		<wp:meta_key><![CDATA[_wpml_media_duplicate]]></wp:meta_key>
		<wp:meta_value><![CDATA[1]]></wp:meta_value>
		</wp:postmeta>
							<wp:postmeta>
		<wp:meta_key><![CDATA[_thumbnail_id]]></wp:meta_key>
		<wp:meta_value><![CDATA[7969]]></wp:meta_value>
		</wp:postmeta>
							<wp:postmeta>
		<wp:meta_key><![CDATA[_wpb_vc_js_status]]></wp:meta_key>
		<wp:meta_value><![CDATA[false]]></wp:meta_value>
		</wp:postmeta>
							<wp:postmeta>
		<wp:meta_key><![CDATA[post_views_count]]></wp:meta_key>
		<wp:meta_value><![CDATA[]]></wp:meta_value>
		</wp:postmeta>
							</item>
					<item>
		<title>
				All Aboard the Rocky Mountaineer		</title>
		<link>http://shinetheme.com/travelerdata/rental/all-aboard-the-rocky-mountaineer/</link>
		<pubDate>Fri, 30 Nov 2018 07:21:42 +0000</pubDate>
		<dc:creator><![CDATA[travelhotel]]></dc:creator>
		<guid isPermaLink="false">http://cs13.temp.domains/~shineth7/?p=8007</guid>
		<description></description>
		<content:encoded>
				<![CDATA[On the Insert tab, the galleries include items that are designed to coordinate with the overall look of your document. You can use these galleries to insert tables, headers, footers, lists, cover pages, and other document building blocks. When you create pictures, charts, or diagrams, they also coordinate with your current document look.

You can easily change the formatting of selected text in the document text by choosing a look for the selected text from the Quick Styles gallery on the Home tab. You can also format text directly by using the other controls on the Home tab. Most controls offer a choice of using the look from the current theme or using a format that you specify directly.

To change the overall look of your document, choose new Theme elements on the Page Layout tab. To change the looks available in the Quick Style gallery, use the Change Current Quick Style Set command. Both the Themes gallery and the Quick Styles gallery provide reset commands so that you can always restore the look of your document to the original contained in your current template.

On the Insert tab, the galleries include items that are designed to coordinate with the overall look of your document. You can use these galleries to insert tables, headers, footers, lists, cover pages, and other document building blocks. When you create pictures, charts, or diagrams, they also coordinate with your current document look.

You can easily change the formatting of selected text in the document text by choosing a look for the selected text from the Quick Styles gallery on the Home tab. You can also format text directly by using the other controls on the Home tab. Most controls offer a choice of using the look from the current theme or using a format that you specify directly.

To change the overall look of your document, choose new Theme elements on the Page Layout tab. To change the looks available in the Quick Style gallery, use the Change Current Quick Style Set command. Both the Themes gallery and the Quick Styles gallery provide reset commands so that you can always restore the look of your document to the original contained in your current template.

On the Insert tab, the galleries include items that are designed to coordinate with the overall look of your document. You can use these galleries to insert tables, headers, footers, lists, cover pages, and other document building blocks. When you create pictures, charts, or diagrams, they also coordinate with your current document look.

You can easily change the formatting of selected text in the document text by choosing a look for the selected text from the Quick Styles gallery on the Home tab. You can also format text directly by using the other controls on the Home tab. Most controls offer a choice of using the look from the current theme or using a format that you specify directly.

To change the overall look of your document, choose new Theme elements on the Page Layout tab. To change the looks available in the Quick Style gallery, use the Change Current Quick Style Set command. Both the Themes gallery and the Quick Styles gallery provide reset commands so that you can always restore the look of your document to the original contained in your current template.]]>		</content:encoded>
		<excerpt:encoded>
				<![CDATA[]]>		</excerpt:encoded>
		<wp:post_id>8007</wp:post_id>
		<wp:post_date><![CDATA[2018-11-30 07:21:42]]></wp:post_date>
		<wp:post_date_gmt><![CDATA[2018-11-30 07:21:42]]></wp:post_date_gmt>
		<wp:comment_status><![CDATA[open]]></wp:comment_status>
		<wp:ping_status><![CDATA[open]]></wp:ping_status>
		<wp:post_name><![CDATA[all-aboard-the-rocky-mountaineer]]></wp:post_name>
		<wp:status><![CDATA[publish]]></wp:status>
		<wp:post_parent>0</wp:post_parent>
		<wp:menu_order>0</wp:menu_order>
		<wp:post_type><![CDATA[post]]></wp:post_type>
		<wp:post_password><![CDATA[]]></wp:post_password>
		<wp:is_sticky>0</wp:is_sticky>
										<category domain="category" nicename="beauty-beaches"><![CDATA[Beauty beaches]]></category>
		<category domain="post_format" nicename="post-format-gallery"><![CDATA[Gallery]]></category>
		<category domain="post_tag" nicename="mountains"><![CDATA[Mountains]]></category>
		<category domain="post_tag" nicename="museums"><![CDATA[Museums]]></category>
						<wp:postmeta>
		<wp:meta_key><![CDATA[rate_review]]></wp:meta_key>
		<wp:meta_value><![CDATA[0]]></wp:meta_value>
		</wp:postmeta>
							<wp:postmeta>
		<wp:meta_key><![CDATA[min_price]]></wp:meta_key>
		<wp:meta_value><![CDATA[]]></wp:meta_value>
		</wp:postmeta>
							<wp:postmeta>
		<wp:meta_key><![CDATA[rate_review]]></wp:meta_key>
		<wp:meta_value><![CDATA[0]]></wp:meta_value>
		</wp:postmeta>
							<wp:postmeta>
		<wp:meta_key><![CDATA[_edit_last]]></wp:meta_key>
		<wp:meta_value><![CDATA[2]]></wp:meta_value>
		</wp:postmeta>
							<wp:postmeta>
		<wp:meta_key><![CDATA[_wpml_media_featured]]></wp:meta_key>
		<wp:meta_value><![CDATA[1]]></wp:meta_value>
		</wp:postmeta>
							<wp:postmeta>
		<wp:meta_key><![CDATA[_wpml_media_duplicate]]></wp:meta_key>
		<wp:meta_value><![CDATA[1]]></wp:meta_value>
		</wp:postmeta>
							<wp:postmeta>
		<wp:meta_key><![CDATA[_thumbnail_id]]></wp:meta_key>
		<wp:meta_value><![CDATA[8016]]></wp:meta_value>
		</wp:postmeta>
							<wp:postmeta>
		<wp:meta_key><![CDATA[gallery]]></wp:meta_key>
		<wp:meta_value><![CDATA[8016,8017,8018]]></wp:meta_value>
		</wp:postmeta>
							<wp:postmeta>
		<wp:meta_key><![CDATA[_wpb_vc_js_status]]></wp:meta_key>
		<wp:meta_value><![CDATA[false]]></wp:meta_value>
		</wp:postmeta>
							<wp:postmeta>
		<wp:meta_key><![CDATA[post_views_count]]></wp:meta_key>
		<wp:meta_value><![CDATA[]]></wp:meta_value>
		</wp:postmeta>
							<wp:comment>
			<wp:comment_id>150</wp:comment_id>
			<wp:comment_author><![CDATA[huannv]]></wp:comment_author>
			<wp:comment_author_email><![CDATA[huannv@shinetheme.com]]></wp:comment_author_email>
			<wp:comment_author_url></wp:comment_author_url>
			<wp:comment_author_IP><![CDATA[117.4.243.164]]></wp:comment_author_IP>
			<wp:comment_date><![CDATA[2018-12-04 02:21:56]]></wp:comment_date>
			<wp:comment_date_gmt><![CDATA[2018-12-04 02:21:56]]></wp:comment_date_gmt>
			<wp:comment_content><![CDATA[The UK summer is synonymous with muddy festivals. This means buying adequate clothing, camping gear and waterproof wellies.]]></wp:comment_content>
			<wp:comment_approved><![CDATA[1]]></wp:comment_approved>
			<wp:comment_type><![CDATA[st_reviews]]></wp:comment_type>
			<wp:comment_parent>0</wp:comment_parent>
			<wp:comment_user_id>2</wp:comment_user_id>
							</wp:comment>
					</item>
					<item>
		<title>
				Pure Luxe in Punta Mita		</title>
		<link>http://shinetheme.com/travelerdata/rental/pure-luxe-in-punta-mita/</link>
		<pubDate>Fri, 30 Nov 2018 07:23:49 +0000</pubDate>
		<dc:creator><![CDATA[travelhotel]]></dc:creator>
		<guid isPermaLink="false">http://cs13.temp.domains/~shineth7/?p=8012</guid>
		<description></description>
		<content:encoded>
				<![CDATA[On the Insert tab, the galleries include items that are designed to coordinate with the overall look of your document. You can use these galleries to insert tables, headers, footers, lists, cover pages, and other document building blocks. When you create pictures, charts, or diagrams, they also coordinate with your current document look.

You can easily change the formatting of selected text in the document text by choosing a look for the selected text from the Quick Styles gallery on the Home tab. You can also format text directly by using the other controls on the Home tab. Most controls offer a choice of using the look from the current theme or using a format that you specify directly.

To change the overall look of your document, choose new Theme elements on the Page Layout tab. To change the looks available in the Quick Style gallery, use the Change Current Quick Style Set command. Both the Themes gallery and the Quick Styles gallery provide reset commands so that you can always restore the look of your document to the original contained in your current template.

On the Insert tab, the galleries include items that are designed to coordinate with the overall look of your document. You can use these galleries to insert tables, headers, footers, lists, cover pages, and other document building blocks. When you create pictures, charts, or diagrams, they also coordinate with your current document look.

You can easily change the formatting of selected text in the document text by choosing a look for the selected text from the Quick Styles gallery on the Home tab. You can also format text directly by using the other controls on the Home tab. Most controls offer a choice of using the look from the current theme or using a format that you specify directly.

To change the overall look of your document, choose new Theme elements on the Page Layout tab. To change the looks available in the Quick Style gallery, use the Change Current Quick Style Set command. Both the Themes gallery and the Quick Styles gallery provide reset commands so that you can always restore the look of your document to the original contained in your current template.

On the Insert tab, the galleries include items that are designed to coordinate with the overall look of your document. You can use these galleries to insert tables, headers, footers, lists, cover pages, and other document building blocks. When you create pictures, charts, or diagrams, they also coordinate with your current document look.

You can easily change the formatting of selected text in the document text by choosing a look for the selected text from the Quick Styles gallery on the Home tab. You can also format text directly by using the other controls on the Home tab. Most controls offer a choice of using the look from the current theme or using a format that you specify directly.

To change the overall look of your document, choose new Theme elements on the Page Layout tab. To change the looks available in the Quick Style gallery, use the Change Current Quick Style Set command. Both the Themes gallery and the Quick Styles gallery provide reset commands so that you can always restore the look of your document to the original contained in your current template.]]>		</content:encoded>
		<excerpt:encoded>
				<![CDATA[]]>		</excerpt:encoded>
		<wp:post_id>8012</wp:post_id>
		<wp:post_date><![CDATA[2018-11-30 07:23:49]]></wp:post_date>
		<wp:post_date_gmt><![CDATA[2018-11-30 07:23:49]]></wp:post_date_gmt>
		<wp:comment_status><![CDATA[open]]></wp:comment_status>
		<wp:ping_status><![CDATA[open]]></wp:ping_status>
		<wp:post_name><![CDATA[pure-luxe-in-punta-mita]]></wp:post_name>
		<wp:status><![CDATA[publish]]></wp:status>
		<wp:post_parent>0</wp:post_parent>
		<wp:menu_order>0</wp:menu_order>
		<wp:post_type><![CDATA[post]]></wp:post_type>
		<wp:post_password><![CDATA[]]></wp:post_password>
		<wp:is_sticky>0</wp:is_sticky>
										<category domain="post_tag" nicename="beaches"><![CDATA[beaches]]></category>
		<category domain="post_tag" nicename="beauty"><![CDATA[Beauty]]></category>
		<category domain="post_tag" nicename="cultural"><![CDATA[Cultural]]></category>
		<category domain="post_format" nicename="post-format-image"><![CDATA[Image]]></category>
		<category domain="category" nicename="parks-and-carnivals"><![CDATA[Parks and Carnivals]]></category>
						<wp:postmeta>
		<wp:meta_key><![CDATA[rate_review]]></wp:meta_key>
		<wp:meta_value><![CDATA[0]]></wp:meta_value>
		</wp:postmeta>
							<wp:postmeta>
		<wp:meta_key><![CDATA[min_price]]></wp:meta_key>
		<wp:meta_value><![CDATA[]]></wp:meta_value>
		</wp:postmeta>
							<wp:postmeta>
		<wp:meta_key><![CDATA[rate_review]]></wp:meta_key>
		<wp:meta_value><![CDATA[0]]></wp:meta_value>
		</wp:postmeta>
							<wp:postmeta>
		<wp:meta_key><![CDATA[_edit_last]]></wp:meta_key>
		<wp:meta_value><![CDATA[2]]></wp:meta_value>
		</wp:postmeta>
							<wp:postmeta>
		<wp:meta_key><![CDATA[_wpml_media_featured]]></wp:meta_key>
		<wp:meta_value><![CDATA[1]]></wp:meta_value>
		</wp:postmeta>
							<wp:postmeta>
		<wp:meta_key><![CDATA[_wpml_media_duplicate]]></wp:meta_key>
		<wp:meta_value><![CDATA[1]]></wp:meta_value>
		</wp:postmeta>
							<wp:postmeta>
		<wp:meta_key><![CDATA[_thumbnail_id]]></wp:meta_key>
		<wp:meta_value><![CDATA[8019]]></wp:meta_value>
		</wp:postmeta>
							<wp:postmeta>
		<wp:meta_key><![CDATA[post_views_count]]></wp:meta_key>
		<wp:meta_value><![CDATA[]]></wp:meta_value>
		</wp:postmeta>
							<wp:postmeta>
		<wp:meta_key><![CDATA[_wpb_vc_js_status]]></wp:meta_key>
		<wp:meta_value><![CDATA[false]]></wp:meta_value>
		</wp:postmeta>
							<wp:postmeta>
		<wp:meta_key><![CDATA[gallery]]></wp:meta_key>
		<wp:meta_value><![CDATA[8511,7739,7963,7969]]></wp:meta_value>
		</wp:postmeta>
							<wp:comment>
			<wp:comment_id>151</wp:comment_id>
			<wp:comment_author><![CDATA[huannv]]></wp:comment_author>
			<wp:comment_author_email><![CDATA[huannv@shinetheme.com]]></wp:comment_author_email>
			<wp:comment_author_url></wp:comment_author_url>
			<wp:comment_author_IP><![CDATA[117.4.243.164]]></wp:comment_author_IP>
			<wp:comment_date><![CDATA[2018-12-04 04:53:33]]></wp:comment_date>
			<wp:comment_date_gmt><![CDATA[2018-12-04 04:53:33]]></wp:comment_date_gmt>
			<wp:comment_content><![CDATA[The UK summer is synonymous with muddy festivals. This means buying adequate clothing, camping gear and waterproof wellies.]]></wp:comment_content>
			<wp:comment_approved><![CDATA[1]]></wp:comment_approved>
			<wp:comment_type><![CDATA[st_reviews]]></wp:comment_type>
			<wp:comment_parent>0</wp:comment_parent>
			<wp:comment_user_id>2</wp:comment_user_id>
							</wp:comment>
					<wp:comment>
			<wp:comment_id>166</wp:comment_id>
			<wp:comment_author><![CDATA[Sergio]]></wp:comment_author>
			<wp:comment_author_email><![CDATA[sergio.lucas.lopez@gmail.com]]></wp:comment_author_email>
			<wp:comment_author_url>https://adnomada.es</wp:comment_author_url>
			<wp:comment_author_IP><![CDATA[81.172.100.30]]></wp:comment_author_IP>
			<wp:comment_date><![CDATA[2019-01-07 01:38:38]]></wp:comment_date>
			<wp:comment_date_gmt><![CDATA[2019-01-07 01:38:38]]></wp:comment_date_gmt>
			<wp:comment_content><![CDATA[hi, this is fun!]]></wp:comment_content>
			<wp:comment_approved><![CDATA[1]]></wp:comment_approved>
			<wp:comment_type><![CDATA[st_reviews]]></wp:comment_type>
			<wp:comment_parent>0</wp:comment_parent>
			<wp:comment_user_id>0</wp:comment_user_id>
							</wp:comment>
					</item>
				</channel>
</rss>
	